{
  "run_id": "flow_dit_fg_bg_768x16_001",
  "target_video_id": "12_0149",
  "selected_sample_ids": [
    "12_0149_000001_000033",
    "12_0149_000005_000037",
    "12_0149_000013_000045",
    "12_0149_000017_000049",
    "12_0149_000025_000057",
    "12_0149_000029_000061",
    "12_0149_000037_000069",
    "12_0149_000041_000073",
    "12_0149_000049_000081",
    "12_0149_000053_000085",
    "12_0149_000061_000093",
    "12_0149_000065_000097",
    "12_0149_000077_000109",
    "12_0149_000089_000121",
    "12_0149_000101_000133",
    "12_0149_000113_000145",
    "12_0149_000125_000157",
    "12_0149_000137_000169",
    "12_0149_000149_000181",
    "12_0149_000161_000193",
    "12_0149_000173_000205",
    "12_0149_000185_000217",
    "12_0149_000197_000229",
    "12_0149_000201_000233"
  ],
  "donor_sample_ids": [
    "01_0030_000117_000149",
    "04_0013_000073_000105",
    "12_0154_000117_000149",
    "07_0049_000281_000313",
    "07_0006_000185_000217",
    "04_0001_000425_000457",
    "01_0129_000073_000105",
    "08_0077_000177_000209",
    "09_0057_000109_000141",
    "06_0145_000025_000057",
    "01_0051_000049_000081",
    "04_0003_000573_000605",
    "01_0030_000237_000269",
    "07_0047_000117_000149",
    "04_0011_000209_000241",
    "08_0044_000269_000301",
    "04_0003_000125_000157",
    "12_0142_000017_000049",
    "03_0036_000409_000441",
    "04_0046_000221_000253",
    "01_0054_000273_000305",
    "01_0131_000249_000281",
    "07_0008_000149_000181",
    "08_0159_000221_000253"
  ],
  "summary": [
    {
      "mode": "real",
      "raw_auc": 0.17740011926058435,
      "raw_ap": 0.3625742989065269,
      "video_centered_auc": 0.17740011926058435,
      "video_centered_ap": 0.3625742989065269,
      "sample_mse_to_future": 0.6034640669822693,
      "pred_rms": 0.6039538979530334,
      "mse_to_real_prediction": 0.0,
      "delta_vs_real_rms_ratio": 0.0,
      "frame_rows": 164
    },
    {
      "mode": "motion_only",
      "raw_auc": 0.5141621943947525,
      "raw_ap": 0.5089221768862144,
      "video_centered_auc": 0.5141621943947525,
      "video_centered_ap": 0.5089221768862144,
      "sample_mse_to_future": 0.5475736260414124,
      "pred_rms": 0.41113629937171936,
      "mse_to_real_prediction": 0.3887563645839691,
      "delta_vs_real_rms_ratio": 1.0323690176010132,
      "frame_rows": 164
    },
    {
      "mode": "ce_shuffled",
      "raw_auc": 0.42352415026833623,
      "raw_ap": 0.566183062284737,
      "video_centered_auc": 0.42352415026833623,
      "video_centered_ap": 0.566183062284737,
      "sample_mse_to_future": 0.7223308086395264,
      "pred_rms": 0.6249272227287292,
      "mse_to_real_prediction": 0.5293312072753906,
      "delta_vs_real_rms_ratio": 1.204647421836853,
      "frame_rows": 164
    },
    {
      "mode": "background_only",
      "raw_auc": 0.4575134168157424,
      "raw_ap": 0.5173739125649964,
      "video_centered_auc": 0.4575134168157424,
      "video_centered_ap": 0.5173739125649964,
      "sample_mse_to_future": 0.612932562828064,
      "pred_rms": 0.6074548363685608,
      "mse_to_real_prediction": 0.03168609365820885,
      "delta_vs_real_rms_ratio": 0.29473423957824707,
      "frame_rows": 164
    }
  ],
  "interpretation": [
    {
      "check": "motion_only",
      "auc_delta_vs_real": 0.33676207513416817,
      "mse_delta_vs_real": -0.055890440940856934,
      "prediction_delta_ratio": 1.0323690176010132,
      "flag_condition_weak": false
    },
    {
      "check": "ce_shuffled",
      "auc_delta_vs_real": 0.24612403100775188,
      "mse_delta_vs_real": 0.11886674165725708,
      "prediction_delta_ratio": 1.204647421836853,
      "flag_condition_weak": false
    },
    {
      "check": "background_only",
      "auc_delta_vs_real": 0.28011329755515807,
      "mse_delta_vs_real": 0.009468495845794678,
      "prediction_delta_ratio": 0.29473423957824707,
      "flag_condition_weak": false
    }
  ],
  "attention_layout": {
    "per_frame_context_tokens": 16,
    "foreground_tokens_per_frame": 12,
    "background_tokens_per_frame": 4,
    "ce_tokens": 512,
    "motion_tokens": 512,
    "total_condition_tokens": 1024
  },
  "attention_group_mean": [
    {
      "condition_group": "C_E foreground",
      "tokens": 384,
      "uniform_expected_share": 0.375,
      "mean_attention_share": 0.11238942458294332,
      "per_token_attention_share": 0.0002926807931847482,
      "share_minus_uniform": -0.2626105754170567
    },
    {
      "condition_group": "C_E background",
      "tokens": 128,
      "uniform_expected_share": 0.125,
      "mean_attention_share": 0.09712919662706554,
      "per_token_attention_share": 0.0007588218486489495,
      "share_minus_uniform": -0.02787080337293446
    },
    {
      "condition_group": "C_m motion",
      "tokens": 512,
      "uniform_expected_share": 0.5,
      "mean_attention_share": 0.7904813811182976,
      "per_token_attention_share": 0.001543908947496675,
      "share_minus_uniform": 0.2904813811182976
    }
  ]
}